Date;Time;Außentemperatur[Wärmeerzeuger ];Rücklauftemperatur[Wärmeerzeuger ];Vorlauftemperatur[Wärmeerzeuger ];Leistungsabgabe[Wärmeerzeuger ];Ist Leistung[Wärmeerzeuger ];HK 2 Vorlauftemperatur[Heizkreis 2];HK 3 Vorlauftemperatur[Heizkreis 3];HK 1 Vorlauftemperatur[Heizkreis 1];
25.04.2022;09:34:07;12;37;38;0;0;24;34;
25.04.2022;09:34:27;12;37;38;0;0;24;34;
25.04.2022;09:34:47;12;37;38;0;0;24;34;
25.04.2022;09:35:07;12;37;38;0;0;24;33,5;
25.04.2022;09:35:27;12;37;38;0;0;24;33,5;
25.04.2022;09:35:47;12;37;38;0;0;24;33,5;
25.04.2022;09:36:07;12;37;38;0;0;24;33,5;
25.04.2022;09:36:27;12;37;38;0;0;24;33,5;
25.04.2022;09:36:47;12;37;38;0;0;24;33,5;
25.04.2022;09:37:07;12;37;38;0;0;24;33,5;
25.04.2022;09:37:27;12;36,5;38;0;0;24;33,5;
25.04.2022;09:37:47;12;36,5;38;0;0;24;33,5;
25.04.2022;09:38:07;12;36,5;38;0;0;24;33,5;
25.04.2022;09:38:27;12;36,5;38;0;0;24;33,5;
25.04.2022;09:38:47;12,5;38,5;38,5;0;0;24;34;
25.04.2022;09:39:07;12,5;38,5;38,5;0;0;24;34;
25.04.2022;09:39:27;12,5;38,5;38,5;0;0;24;34;
25.04.2022;09:39:47;12,5;38,5;38,5;0;0;24;34;
25.04.2022;09:40:07;12,5;38,5;38,5;0;0;24;34;
25.04.2022;09:40:27;12,5;38,5;38,5;0;0;24;33;
25.04.2022;09:40:47;12,5;38,5;38,5;0;0;24;33;
25.04.2022;09:41:07;12,5;38;38,5;0;0;24;32,5;
25.04.2022;09:41:27;12,5;38;38,5;0;0;24;32,5;
25.04.2022;09:41:47;12,5;38;38,5;0;0;24;32,5;
25.04.2022;09:42:07;12,5;38;38,5;0;0;24;32,5;
25.04.2022;09:42:27;12,5;38;38,5;0;0;24;32,5;
25.04.2022;09:42:47;12,5;38;38,5;0;0;24;32,5;
25.04.2022;09:43:07;12,5;38;38,5;0;0;24;32,5;
25.04.2022;09:43:27;12,5;38;38,5;0;0;24;32,5;
25.04.2022;09:43:47;12,5;38;38;0;0;24;32,5;
25.04.2022;09:44:07;12,5;38;38;0;0;24;32,5;
25.04.2022;09:44:27;12,5;38;38;0;0;24;32,5;
25.04.2022;09:44:47;12,5;38;38;0;0;24;32,5;
25.04.2022;09:45:07;12,5;38;38;0;0;24;32,5;
25.04.2022;09:45:27;12,5;37,5;38;0;0;24;32,5;
25.04.2022;09:45:47;12,5;37,5;38;0;0;24;32,5;
25.04.2022;09:46:07;12,5;38,5;37,5;0;0;24;33;
25.04.2022;09:46:27;12,5;38,5;38;0;0;24;33,5;
25.04.2022;09:46:47;12,5;38,5;38;0;0;24;33,5;
25.04.2022;09:47:07;12,5;38,5;38;0;0;24;33,5;
25.04.2022;09:47:27;12,5;38,5;38;0;0;24;33;
25.04.2022;09:47:47;12,5;38,5;38;0;0;24;33;
25.04.2022;09:48:07;12,5;38,5;38;0;0;24;33;
25.04.2022;09:48:27;12,5;38,5;38;0;0;24;33,5;
25.04.2022;09:48:47;12,5;38,5;38;0;0;24;33,5;
25.04.2022;09:49:07;12,5;38,5;38;0;0;24;33,5;
25.04.2022;09:49:27;12,5;38,5;38;0;0;24;33;
25.04.2022;09:49:47;12,5;38,5;38;0;0;24;33;
25.04.2022;09:50:07;12,5;38;38;0;0;24;33;
25.04.2022;09:50:27;12,5;38;38;0;0;24;33;
25.04.2022;09:50:47;12,5;38;38;0;0;24;33;
25.04.2022;09:51:07;12,5;38;37,5;0;0;24;33;
25.04.2022;09:51:27;12,5;38;37,5;0;0;24;33;
25.04.2022;09:51:47;12,5;38;37,5;0;0;24;33,5;
25.04.2022;09:52:07;12,5;38;37,5;0;0;24;33,5;
25.04.2022;09:52:27;12,5;37,5;37,5;0;0;24;33,5;
25.04.2022;09:52:47;12,5;37,5;37,5;0;0;24;33;
25.04.2022;09:53:08;12,5;37,5;37,5;0;0;24;33;
25.04.2022;09:53:51;12,5;37,5;37,5;0;0;24;33,5;
25.04.2022;09:54:11;12,5;37,5;37,5;0;0;24;34;
25.04.2022;09:54:31;12,5;37,5;37,5;0;0;24;33,5;
25.04.2022;09:54:51;12,5;37,5;37,5;0;0;24;33;
25.04.2022;09:55:11;12,5;37,5;37,5;0;0;24;33;
25.04.2022;09:55:31;12,5;37,5;37,5;0;0;24;33;
25.04.2022;09:55:51;12,5;37,5;37;0;0;24;33;
25.04.2022;09:56:11;12,5;37,5;37;0;0;24;34;
25.04.2022;09:56:31;12,5;37,5;37;0;0;24;34;
25.04.2022;09:56:51;12,5;37,5;37;0;0;24;34;
25.04.2022;09:57:11;12,5;37,5;37;0;0;24;33,5;
25.04.2022;09:57:31;12,5;37,5;37;0;0;24;33;
25.04.2022;09:57:51;12,5;37,5;37;0;0;24;33;
25.04.2022;09:58:11;12,5;37,5;37;0;0;24;33;
25.04.2022;09:58:31;12,5;37;37;0;0;24;33;
25.04.2022;09:58:51;12,5;37;37;0;0;24;33;
25.04.2022;09:59:11;12,5;37;37;0;0;24;33;
25.04.2022;09:59:31;12,5;37;37;0;0;24;33;
25.04.2022;09:59:51;12,5;37;37;0;0;24;33;
25.04.2022;10:00:11;12,5;37;37;0;0;24;33;
25.04.2022;10:00:31;12,5;37;37;0;0;24;33;
25.04.2022;10:00:51;12,5;37;37;0;0;24;33;
25.04.2022;10:01:11;12,5;37;37;0;0;24;33,5;
25.04.2022;10:01:31;12,5;37;37;0;0;24;33,5;
25.04.2022;10:01:51;12,5;37;37;0;0;24;33,5;
25.04.2022;10:02:11;12,5;37;37;0;0;24;33,5;
25.04.2022;10:02:31;12,5;37;37;0;0;24;33,5;
25.04.2022;10:02:51;12,5;36,5;37;0;0;24;33,5;
25.04.2022;10:03:11;12,5;36,5;37;0;0;24;33,5;
25.04.2022;10:03:31;12,5;36,5;37;0;0;24;33,5;
25.04.2022;10:03:51;12,5;36,5;37;0;0;24;33,5;
25.04.2022;10:04:11;12,5;36,5;37;0;0;24;33,5;
25.04.2022;10:04:31;12,5;36,5;37;0;0;24;33,5;
25.04.2022;10:04:51;12,5;36,5;37;0;0;24;33,5;
25.04.2022;10:05:11;12,5;36,5;37;0;0;24;33,5;
25.04.2022;10:05:31;12,5;36,5;37;0;0;24;33,5;
25.04.2022;10:05:51;12,5;36,5;36,5;0;0;24;33,5;
25.04.2022;10:06:11;12,5;36,5;36,5;0;0;24;33,5;
25.04.2022;10:06:31;12,5;36,5;36,5;0;0;24;33,5;
25.04.2022;10:06:51;12,5;36,5;36,5;0;0;24;33,5;
25.04.2022;10:07:11;12,5;36,5;36,5;0;0;24;33,5;
25.04.2022;10:07:31;12,5;36;36,5;0;0;24;33,5;
25.04.2022;10:07:51;12,5;36;36,5;0;0;24;33,5;
25.04.2022;10:08:11;13;36;36,5;0;0;24;33,5;
25.04.2022;10:08:31;13;36;36,5;0;0;24;33,5;
25.04.2022;10:08:51;13;36;36,5;0;0;24;33,5;
25.04.2022;10:09:11;13;36;36,5;0;0;24;33,5;
25.04.2022;10:09:31;13;36;36,5;0;0;24;33,5;
25.04.2022;10:09:51;13;36;36,5;0;0;24;33,5;
25.04.2022;10:10:11;13;36;36,5;0;0;24;33,5;
25.04.2022;10:10:31;13;36;36,5;0;0;24;33,5;
25.04.2022;10:10:51;13;36;36,5;0;0;24;33,5;
25.04.2022;10:11:11;13;36;36,5;0;0;24;33,5;
25.04.2022;10:11:31;13;36;36,5;0;0;24;33,5;
25.04.2022;10:11:51;13;35,5;36,5;0;0;24;33,5;
25.04.2022;10:12:11;13;35,5;36,5;0;0;24;33,5;
25.04.2022;10:12:31;13;35,5;36,5;0;0;24;33,5;
25.04.2022;10:12:51;13;35,5;36,5;0;0;24;33,5;
25.04.2022;10:13:11;13;35,5;36,5;0;0;24;33,5;
25.04.2022;10:13:31;13;35,5;36,5;0;0;24;33,5;
25.04.2022;10:13:51;13;35,5;36,5;0;0;24;33,5;
25.04.2022;10:14:11;13;35,5;36;0;0;24;33,5;
25.04.2022;10:14:31;13;35,5;36;0;0;24;33,5;
25.04.2022;10:14:51;13;35,5;36;0;0;24;33,5;
25.04.2022;10:15:11;13;35,5;36;0;0;24;33,5;
25.04.2022;10:15:31;13;35,5;36;0;0;24;33,5;
25.04.2022;10:15:51;13;35,5;36;0;0;24;33,5;
25.04.2022;10:16:11;13;35;36;0;0;24;33,5;
25.04.2022;10:16:31;13;36,5;35,5;0;0;24;33,5;
25.04.2022;10:16:51;13;37;36,5;0;0;24;34;
25.04.2022;10:17:11;13;37;36,5;0;0;24;34;
25.04.2022;10:17:31;13;37;36,5;0;0;24;34;
25.04.2022;10:17:51;13;37;36,5;0;0;24;34;
25.04.2022;10:18:11;13;37;36,5;0;0;24;33,5;
25.04.2022;10:18:31;13;37;36,5;0;0;24;33,5;
25.04.2022;10:18:51;13;37;36,5;0;0;24;33,5;
25.04.2022;10:19:11;13;37;36,5;0;0;24;33,5;
25.04.2022;10:19:31;13;36,5;36,5;0;0;24;33,5;
25.04.2022;10:19:51;13;36,5;36,5;0;0;24;33,5;
25.04.2022;10:20:11;13;36,5;36,5;0;0;24;33,5;
25.04.2022;10:20:31;13;36,5;36,5;0;0;24;33,5;
25.04.2022;10:20:51;13;36,5;36,5;0;0;24;33,5;
25.04.2022;10:21:11;13;36,5;36,5;0;0;24;33,5;
25.04.2022;10:21:31;13;36,5;36,5;0;0;24;33,5;
25.04.2022;10:21:51;13;36,5;36,5;0;0;24;33,5;
25.04.2022;10:22:11;13;36,5;36,5;0;0;24;33,5;
25.04.2022;10:22:31;13;36,5;36,5;0;0;24;33,5;
25.04.2022;10:22:51;13;36,5;36,5;0;0;24;33,5;
25.04.2022;10:23:11;13;36,5;36,5;0;0;24;33,5;
25.04.2022;10:23:31;13;36,5;36,5;0;0;24;33,5;
25.04.2022;10:23:51;13;36;36,5;0;0;24;33,5;
25.04.2022;10:24:11;13;36;36,5;0;0;24;33,5;
25.04.2022;10:24:31;13;36;36,5;0;0;24;33,5;
25.04.2022;10:24:51;13;36;36,5;0;0;24;33,5;
25.04.2022;10:25:11;13;36;36,5;0;0;24;33,5;
25.04.2022;10:25:31;13;36;36,5;0;0;24;33,5;
25.04.2022;10:26:39;13;36;36,5;0;0;24;33,5;
25.04.2022;10:26:59;13;36;36,5;0;0;24;33,5;
25.04.2022;10:27:19;13;36;36,5;0;0;24;33,5;
25.04.2022;10:27:39;13;36;36;0;0;24;33,5;
25.04.2022;10:27:59;13;36;36;0;0;24;33,5;
25.04.2022;10:28:19;13;35,5;36;0;0;24;33,5;
25.04.2022;10:28:39;13;35,5;36;0;0;24;33,5;
25.04.2022;10:28:59;13;35,5;36;0;0;24;33,5;
25.04.2022;10:29:19;13;35,5;36;0;0;24;33,5;
25.04.2022;10:29:39;13;35,5;36;0;0;24;33,5;
25.04.2022;10:30:45;13;35,5;36;0;0;24;33,5;
25.04.2022;10:31:05;13;35,5;36;0;0;24;33,5;
25.04.2022;10:31:25;13;35,5;36;0;0;24;33,5;
25.04.2022;10:31:45;13;35,5;36;0;0;24;33,5;
25.04.2022;10:32:05;13;35,5;36;0;0;24;33,5;
25.04.2022;10:32:25;13;35;36;0;0;24;33,5;
25.04.2022;10:32:45;13;35;36;0;0;24;33,5;
25.04.2022;10:33:05;13;35;36;0;0;24;33,5;
25.04.2022;10:33:25;13;35;36;0;0;24;33,5;
25.04.2022;10:33:45;13;35;36;0;0;24;33,5;
25.04.2022;10:34:05;13;35;36;0;0;23,5;33,5;
25.04.2022;10:34:25;13;35;36;0;0;23,5;33,5;
25.04.2022;10:34:45;13;35;35,5;0;0;23,5;33;
25.04.2022;10:35:05;13;35;35,5;0;0;23,5;33;
25.04.2022;10:35:25;13,5;35;35,5;0;0;23,5;33;
25.04.2022;10:35:45;13,5;35;35,5;0;0;23,5;33;
25.04.2022;10:36:05;13,5;35;35,5;0;0;23,5;33;
25.04.2022;10:36:25;13,5;35;35,5;0;0;23,5;33;
25.04.2022;10:36:45;13,5;35;35,5;0;0;23,5;33;
25.04.2022;10:37:05;13,5;36,5;35;0;0;23,5;33;
25.04.2022;10:37:25;13,5;36,5;36;0;0;23,5;33,5;
25.04.2022;10:37:45;13,5;36,5;36,5;0;0;23,5;34;
25.04.2022;10:38:05;13,5;36,5;36,5;0;0;23,5;34;
25.04.2022;10:38:25;13,5;36,5;38;162;0;23,5;34;
25.04.2022;10:38:45;13,5;36,5;41;7297;0;23,5;34;
25.04.2022;10:39:05;13,5;36,5;41,5;7297;0;24;34;
25.04.2022;10:39:25;13,5;36,5;41,5;7883;0;24;34;
25.04.2022;10:39:45;13,5;36,5;41,5;7390;0;24;34;
25.04.2022;10:40:05;13,5;36,5;41,5;7390;0;24;34;
25.04.2022;10:40:25;13,5;36,5;41;6819;0;24;34;
25.04.2022;10:40:45;13,5;36,5;41;6819;6,8;24;34;
25.04.2022;10:41:05;13,5;36,5;40,5;5837;6,8;24;34;
25.04.2022;10:41:25;13,5;36,5;40,5;5322;6,8;24;34;
25.04.2022;10:41:45;13,5;36,5;40,5;5322;6,8;24;34;
25.04.2022;10:42:05;13,5;36,5;40,5;5027;6,8;24;34;
25.04.2022;10:42:25;13,5;36,5;40,5;5189;6,8;24;34;
25.04.2022;10:42:45;13,5;36,5;40,5;5189;6,8;24;34;
25.04.2022;10:43:05;13,5;36,5;40,5;5322;6,8;24;34;
25.04.2022;10:43:25;13,5;37;40,5;5027;6,8;24;34;
25.04.2022;10:43:45;13,5;37;40,5;5027;6,3;24;34;
25.04.2022;10:44:05;13,5;37;40,5;5419;6,3;24;34;
25.04.2022;10:44:25;13,5;37;40,5;5419;6,3;24;34;
25.04.2022;10:44:45;13,5;37;40,5;5255;6,3;24;34;
25.04.2022;10:45:05;13,5;37,5;40,5;5255;6,3;24;34;
25.04.2022;10:45:25;13,5;37,5;40,5;5419;6,3;24;34;
25.04.2022;10:45:45;13,5;37,5;41;5419;6,3;24;34;
25.04.2022;10:46:05;13,5;38;41;5189;6,3;24;34;
25.04.2022;10:46:25;13,5;38;41;5189;6,3;24;34;
25.04.2022;10:46:45;13,5;38;41;5322;6,3;24;34;
25.04.2022;10:47:05;13,5;38;41;5189;6,3;24;34;
25.04.2022;10:47:25;13,5;38;41,5;5189;6,3;24;34;
25.04.2022;10:47:45;13,5;38;41,5;5322;6,3;24;34;
25.04.2022;10:48:05;13,5;38;41,5;5155;6,3;24;34;
25.04.2022;10:48:25;13,5;38;41,5;5155;6,3;24;34;
25.04.2022;10:48:45;13,5;38;41,5;5388;6,3;24;34;
25.04.2022;10:49:05;13,5;38;41,5;5189;6,3;24;34;
25.04.2022;10:49:25;13,5;38;41,5;5189;6,3;24;34;
25.04.2022;10:49:45;13,5;38;41,5;5322;5,9;24;34;
25.04.2022;10:50:05;13,5;38;41,5;5322;5,9;24;34;
25.04.2022;10:50:25;13,5;38,5;41,5;5189;5,9;24;34;
25.04.2022;10:50:45;13,5;38,5;41,5;5027;5,9;24;33,5;
25.04.2022;10:51:05;13,5;38,5;41,5;5027;5,9;24;33,5;
25.04.2022;10:51:25;13,5;38,5;41,5;5155;5,9;24;33,5;
25.04.2022;10:51:45;13,5;38,5;41,5;5155;5,9;24;33,5;
25.04.2022;10:52:05;13,5;38,5;40,5;0;5,9;24;33,5;
25.04.2022;10:52:25;13,5;38,5;38,5;0;5,9;24;33,5;
25.04.2022;10:52:45;13,5;38,5;38,5;0;0;24;33,5;
25.04.2022;10:53:05;13,5;38,5;38,5;0;0;24;33,5;
25.04.2022;10:53:25;13,5;38,5;38,5;0;0;24;33,5;
25.04.2022;10:53:45;13,5;38,5;38,5;0;0;24;33;
25.04.2022;10:54:05;13,5;38,5;38,5;0;0;23,5;32,5;
25.04.2022;10:54:25;13,5;38,5;38,5;0;0;23,5;32,5;
25.04.2022;10:54:45;13,5;38,5;38,5;0;0;23,5;32,5;
25.04.2022;10:55:05;13,5;38,5;38,5;0;0;23,5;32,5;
25.04.2022;10:55:25;13,5;38,5;38,5;0;0;23,5;32,5;
25.04.2022;10:55:45;13,5;38,5;38,5;0;0;23,5;32,5;
25.04.2022;10:56:05;13,5;38,5;38,5;0;0;23,5;32,5;
25.04.2022;10:56:25;13,5;38,5;38,5;0;0;23,5;32,5;
25.04.2022;10:56:45;13,5;38,5;38,5;0;0;23,5;32,5;
25.04.2022;10:57:05;13,5;38,5;38,5;0;0;23,5;32,5;
25.04.2022;10:57:25;13,5;38,5;38,5;0;0;23,5;32,5;
25.04.2022;10:57:45;13,5;38;38,5;0;0;23,5;32,5;
25.04.2022;10:58:05;13,5;38;38,5;0;0;23,5;32,5;
25.04.2022;10:58:25;13,5;38;38,5;0;0;23,5;32,5;
25.04.2022;10:58:45;13,5;38;38,5;0;0;23,5;32,5;
25.04.2022;10:59:05;13,5;38;38,5;0;0;23,5;32,5;
25.04.2022;10:59:25;13,5;38;38,5;0;0;23,5;32,5;
25.04.2022;10:59:45;13,5;38;38,5;0;0;23,5;32,5;
25.04.2022;11:00:05;13,5;38;38,5;0;0;23,5;32,5;
25.04.2022;11:00:25;13,5;38;38,5;0;0;23,5;32,5;
25.04.2022;11:00:45;13,5;38;38,5;0;0;23,5;33;
25.04.2022;11:01:05;13,5;38;38;0;0;23,5;33;
25.04.2022;11:01:25;13,5;38;38;0;0;23,5;33;
25.04.2022;11:01:45;13,5;38;38;0;0;23,5;33;
25.04.2022;11:02:05;13,5;37,5;38;0;0;23,5;33;
25.04.2022;11:02:25;13,5;37,5;38;0;0;23,5;33;
25.04.2022;11:02:45;13,5;37,5;38;0;0;23,5;33;
25.04.2022;11:03:05;13,5;37,5;38;0;0;23,5;33;
25.04.2022;11:03:25;13,5;37,5;38;0;0;23,5;33;
25.04.2022;11:03:45;13,5;37,5;38;0;0;23,5;33;
25.04.2022;11:04:05;13,5;37,5;38;0;0;23,5;33;
25.04.2022;11:04:25;13,5;37,5;38;0;0;23,5;33;
25.04.2022;11:04:45;13,5;37,5;38;0;0;23,5;33;
25.04.2022;11:05:05;13,5;37,5;38;0;0;23,5;33;
25.04.2022;11:05:25;13,5;37,5;38;0;0;23,5;33;
25.04.2022;11:05:45;13,5;37,5;38;0;0;23,5;33;
25.04.2022;11:06:05;13,5;37;38;0;0;23,5;33;
25.04.2022;11:06:25;13,5;37;38;0;0;23,5;33;
25.04.2022;11:06:45;13,5;37;38;0;0;23,5;33;
25.04.2022;11:07:05;13,5;37;38;0;0;23,5;33;
25.04.2022;11:07:25;13,5;37;38;0;0;23,5;33;
25.04.2022;11:07:45;13,5;37;38;0;0;23,5;33;
25.04.2022;11:08:05;13,5;37;38;0;0;23,5;33;
25.04.2022;11:08:25;13,5;37;38;0;0;23,5;33;
25.04.2022;11:08:45;13,5;37;37,5;0;0;23,5;33;
25.04.2022;11:09:05;13,5;37;37,5;0;0;23,5;33;
25.04.2022;11:09:25;13,5;37;37,5;0;0;23,5;33;
25.04.2022;11:09:45;13,5;37;37,5;0;0;23,5;33;
25.04.2022;11:10:05;13,5;36,5;37,5;0;0;23,5;33;
25.04.2022;11:10:25;13,5;36,5;37,5;0;0;23,5;33;
25.04.2022;11:10:45;13,5;36,5;37,5;0;0;23,5;33;
25.04.2022;11:11:05;13,5;36,5;37,5;0;0;23,5;33;
25.04.2022;11:11:25;13,5;36,5;37,5;0;0;23,5;33;
25.04.2022;11:11:45;13,5;36,5;37,5;0;0;23,5;33;
25.04.2022;11:12:05;13,5;36,5;37,5;0;0;23,5;33;
25.04.2022;11:12:25;13,5;36,5;37,5;0;0;23,5;33;
25.04.2022;11:12:45;13,5;36,5;37,5;0;0;23,5;33;
25.04.2022;11:13:05;13,5;36,5;37,5;0;0;23,5;33;
25.04.2022;11:13:25;13,5;36,5;37,5;0;0;23,5;33;
25.04.2022;11:13:45;13,5;36,5;37,5;0;0;23,5;33;
25.04.2022;11:14:05;13,5;36;37,5;0;0;23,5;33;
25.04.2022;11:14:25;13,5;36;37,5;0;0;23,5;33;
25.04.2022;11:14:45;13,5;36;37,5;0;0;23,5;33;
25.04.2022;11:15:05;13,5;36;37,5;0;0;23,5;33;
25.04.2022;11:15:25;13,5;36;37,5;0;0;23,5;33;
25.04.2022;11:15:45;13,5;36;37,5;0;0;23,5;33;
25.04.2022;11:16:05;13,5;36;37,5;0;0;23,5;33;
25.04.2022;11:16:25;13,5;36;37,5;0;0;23,5;33;
25.04.2022;11:16:45;13,5;36;37;0;0;23,5;33;
25.04.2022;11:17:05;13,5;36;37;0;0;23,5;33;
25.04.2022;11:17:25;13,5;35,5;37;0;0;23,5;33;
25.04.2022;11:17:45;13,5;35,5;37;0;0;23,5;33;
25.04.2022;11:18:05;13,5;35,5;37;0;0;23,5;33;
25.04.2022;11:18:25;13,5;35,5;37;0;0;23,5;33;
25.04.2022;11:18:45;13,5;35,5;37;0;0;23,5;33;
25.04.2022;11:19:05;13,5;35,5;37;0;0;23,5;33;
25.04.2022;11:19:25;13,5;35,5;37;0;0;23,5;33;
25.04.2022;11:19:45;13,5;35,5;37;0;0;23,5;33;
25.04.2022;11:20:05;13,5;35,5;37;0;0;23,5;33;
25.04.2022;11:20:25;13,5;35,5;37;0;0;23,5;33;
25.04.2022;11:20:45;13,5;35,5;37;0;0;23,5;33;
25.04.2022;11:21:05;13,5;35,5;37;0;0;23,5;33;
25.04.2022;11:21:25;13,5;35;37;0;0;23,5;33;
25.04.2022;11:21:45;13,5;35;37;0;0;23,5;33;
25.04.2022;11:22:05;13,5;35;37;0;0;23,5;33;
25.04.2022;11:22:25;13,5;35;37;0;0;23,5;33;
25.04.2022;11:22:45;13,5;35;37;0;0;23,5;33;
25.04.2022;11:23:05;13,5;35;37;0;0;23,5;33;
25.04.2022;11:23:25;13,5;35;37;0;0;23,5;33;
25.04.2022;11:23:45;13,5;35;37;0;0;23,5;33;
25.04.2022;11:24:05;13,5;35;37;0;0;23,5;33;
25.04.2022;11:24:25;13,5;35;37;0;0;23,5;33;
25.04.2022;11:24:45;13,5;35;37;0;0;23,5;33;
25.04.2022;11:25:05;13,5;35;37;0;0;23,5;33;
25.04.2022;11:25:25;13,5;35;36,5;0;0;23,5;33;
25.04.2022;11:25:45;13,5;35;36,5;0;0;23,5;33;
25.04.2022;11:26:05;13,5;35;36,5;0;0;23,5;33;
25.04.2022;11:26:25;13,5;34,5;36,5;0;0;23,5;33;
25.04.2022;11:26:45;13,5;34,5;36,5;0;0;23,5;33;
25.04.2022;11:27:05;13,5;34,5;36,5;0;0;23,5;33;
25.04.2022;11:27:25;13,5;34,5;36,5;0;0;23,5;33;
25.04.2022;11:27:45;13,5;34,5;36,5;0;0;23,5;33;
25.04.2022;11:28:05;13,5;34,5;36,5;0;0;23,5;33;
25.04.2022;11:28:25;13,5;34,5;36,5;0;0;23,5;33;
25.04.2022;11:28:45;13,5;34,5;36,5;0;0;23,5;33;
25.04.2022;11:29:05;13,5;34,5;36,5;0;0;23,5;33;
25.04.2022;11:29:25;13,5;34,5;36,5;0;0;23,5;33;
25.04.2022;11:29:45;13,5;34,5;36,5;0;0;23,5;33;
25.04.2022;11:30:45;13,5;34,5;36,5;0;0;23,5;33;
25.04.2022;11:31:05;13,5;34,5;36,5;0;0;23,5;33;
25.04.2022;11:31:25;13,5;34,5;36,5;0;0;23,5;33;
25.04.2022;11:31:45;13,5;34;36,5;0;0;23,5;33;
25.04.2022;11:32:05;13,5;34;36,5;0;0;23,5;33;
25.04.2022;11:32:25;13,5;34;36,5;0;0;23,5;33;
25.04.2022;11:32:45;13,5;34;36,5;0;0;23,5;33;
25.04.2022;11:33:05;13,5;34;36,5;0;0;23,5;33;
25.04.2022;11:33:25;13,5;34;36,5;0;0;23,5;33;
25.04.2022;11:33:45;13,5;34;36,5;0;0;23,5;33;
25.04.2022;11:34:05;13,5;34;36,5;0;0;23,5;33;
25.04.2022;11:34:25;13,5;34;36,5;0;0;23,5;33;
25.04.2022;11:34:45;13,5;34;36;0;0;23,5;33;
25.04.2022;11:35:05;13,5;34;36;0;0;23,5;33;
25.04.2022;11:35:25;13,5;34;36;0;0;23,5;33;
25.04.2022;11:35:45;13,5;34;36;0;0;23,5;33;
25.04.2022;11:36:05;13,5;34;36;0;0;23,5;33;
25.04.2022;11:36:25;13,5;34;36;0;0;23,5;33;
25.04.2022;11:36:45;13,5;34;36;0;0;23,5;33;
25.04.2022;11:37:05;13,5;33,5;36;0;0;23,5;33;
25.04.2022;11:37:25;13,5;33,5;36;0;0;23,5;33;
25.04.2022;11:37:45;13,5;33,5;36;0;0;23,5;33;
25.04.2022;11:38:05;13,5;33,5;36;0;0;23,5;33;
25.04.2022;11:38:25;13,5;33,5;36;0;0;23,5;33;
25.04.2022;11:38:45;13,5;33,5;36;0;0;23,5;33;
25.04.2022;11:39:05;13,5;33,5;36;0;0;23,5;33;
25.04.2022;11:39:25;13,5;33,5;36;0;0;23,5;33;
25.04.2022;11:39:45;13,5;33,5;36;0;0;23,5;33;
25.04.2022;11:40:05;13,5;33,5;36;0;0;23,5;33;
25.04.2022;11:40:25;13,5;33,5;36;0;0;23,5;33;
25.04.2022;11:40:45;13,5;33,5;36;0;0;23,5;33;
25.04.2022;11:41:05;13,5;33,5;36;0;0;23,5;33;
25.04.2022;11:41:25;13,5;33,5;36;0;0;23,5;33;
25.04.2022;11:41:45;13,5;33,5;36;0;0;23,5;33;
25.04.2022;11:42:05;13,5;33,5;36;0;0;23,5;33;
25.04.2022;11:42:25;13,5;33,5;36;0;0;23,5;33;
25.04.2022;11:42:45;13,5;33;36;0;0;23,5;33;
25.04.2022;11:43:05;13,5;33;36;0;0;23,5;33;
25.04.2022;11:43:25;13,5;33;36;0;0;23,5;33;
25.04.2022;11:43:45;13,5;33;35,5;0;0;23,5;33;
25.04.2022;11:44:05;13,5;33;35,5;0;0;23,5;33;
25.04.2022;11:44:25;13,5;33;35,5;0;0;23,5;33;
25.04.2022;11:44:45;13,5;33;35,5;0;0;23,5;33;
25.04.2022;11:45:05;13,5;33;35,5;0;0;23,5;33;
25.04.2022;11:45:25;13,5;33;35,5;0;0;23,5;33;
25.04.2022;11:45:45;13,5;33;35,5;0;0;23,5;33;
25.04.2022;11:46:05;13,5;33;35,5;0;0;23,5;33;
25.04.2022;11:46:25;13,5;33;35,5;0;0;23,5;33;
25.04.2022;11:46:45;13,5;33;35,5;0;0;23,5;33;
25.04.2022;11:47:05;13,5;33;35,5;0;0;23,5;33;
25.04.2022;11:47:25;13,5;33;35,5;0;0;23,5;33;
25.04.2022;11:47:45;13,5;33;35,5;0;0;23,5;32,5;
25.04.2022;11:48:05;13,5;33;35,5;0;0;23,5;32,5;
25.04.2022;11:48:25;13,5;33;35,5;0;0;23,5;32,5;
25.04.2022;11:48:45;13,5;33;35,5;0;0;23,5;32,5;
25.04.2022;11:49:05;13,5;32,5;35,5;0;0;23,5;32,5;
25.04.2022;11:49:25;13,5;32,5;35,5;0;0;23,5;32,5;
25.04.2022;11:49:45;13,5;32,5;35,5;0;0;23,5;32,5;
25.04.2022;11:50:05;13,5;32,5;35,5;0;0;23,5;32,5;
25.04.2022;11:50:25;13,5;32,5;35,5;0;0;23,5;32,5;
25.04.2022;11:50:45;13,5;32,5;35,5;0;0;23,5;32,5;
25.04.2022;11:51:05;13,5;32,5;35,5;0;0;23,5;32,5;
25.04.2022;11:51:25;13,5;32,5;35,5;0;0;23,5;32,5;
25.04.2022;11:51:45;13,5;32,5;35,5;0;0;23,5;32,5;
25.04.2022;11:52:05;13,5;36;34,5;0;0;23,5;32,5;
25.04.2022;11:52:25;13,5;38;37;0;0;23,5;33;
25.04.2022;11:52:45;13,5;38;37,5;0;0;23,5;33;
25.04.2022;11:53:05;13,5;38;37,5;0;0;23;33;
25.04.2022;11:53:25;13,5;38;37,5;0;0;23;33;
25.04.2022;11:53:45;13,5;38;37,5;0;0;23;33;
25.04.2022;11:54:05;13,5;38;37,5;0;0;23;33;
25.04.2022;11:54:25;13,5;38;37,5;0;0;23;33;
25.04.2022;11:54:45;13,5;38;37,5;0;0;23;32,5;
25.04.2022;11:55:05;13,5;38;37,5;0;0;23;32,5;
25.04.2022;11:55:25;13,5;38;37,5;0;0;23;32,5;
25.04.2022;11:55:45;13,5;38;37,5;0;0;23;32,5;
25.04.2022;11:56:05;13,5;38;37,5;0;0;23;32,5;
25.04.2022;11:56:25;13,5;38;37,5;0;0;23;32,5;
25.04.2022;11:56:45;13,5;38;37,5;0;0;23;33;
25.04.2022;11:57:05;13,5;38;37,5;0;0;23;33;
25.04.2022;11:57:25;13,5;38;37,5;0;0;23;33;
25.04.2022;11:57:45;13,5;38;37,5;0;0;23;33;
25.04.2022;11:58:05;13,5;38;37,5;0;0;23;32,5;
25.04.2022;11:58:25;13,5;38;37,5;0;0;23;32,5;
25.04.2022;11:58:45;13,5;38;37,5;0;0;23;32,5;
25.04.2022;11:59:05;13,5;38;37,5;0;0;23;32,5;
25.04.2022;11:59:25;13,5;38;37,5;0;0;23;32,5;
25.04.2022;11:59:45;13,5;38;37,5;0;0;23;32,5;
25.04.2022;12:00:05;13,5;38;37,5;0;0;23;32,5;
25.04.2022;12:00:25;13,5;38;37,5;0;0;23;32,5;
25.04.2022;12:00:45;13,5;38;37,5;0;0;23;32,5;
25.04.2022;12:01:05;13,5;37,5;37,5;0;0;23;32,5;
25.04.2022;12:01:25;13,5;38;37,5;0;0;23;32,5;
25.04.2022;12:01:45;13,5;38;37,5;0;0;23;32,5;
25.04.2022;12:02:05;13,5;38;37,5;0;0;23;33;
25.04.2022;12:02:25;14;38;37,5;0;0;23;33;
25.04.2022;12:02:45;14;38;37,5;0;0;23;33;
25.04.2022;12:03:05;14;38;37,5;0;0;23;32,5;
25.04.2022;12:03:25;14;38;37,5;0;0;23;32,5;
25.04.2022;12:04:10;14;38;37,5;0;0;23;32,5;
25.04.2022;12:04:30;14;38;37,5;0;0;23;33;
25.04.2022;12:04:50;14;38;37,5;0;0;23;33;
25.04.2022;12:05:10;14;38;37,5;0;0;23;33;
25.04.2022;12:05:30;14;38;37,5;0;0;23;32,5;
25.04.2022;12:05:50;14;38;37,5;0;0;23;32;
25.04.2022;12:06:10;14;38;37,5;0;0;23;32;
25.04.2022;12:06:30;14;38;37,5;0;0;23;32;
25.04.2022;12:06:50;14;38;37,5;0;0;23;32;
25.04.2022;12:07:10;14;37,5;37,5;0;0;23;32,5;
25.04.2022;12:07:30;14;37,5;37,5;0;0;23;32,5;
25.04.2022;12:07:50;14;37,5;37,5;0;0;23;32,5;
25.04.2022;12:08:10;14;37,5;37,5;0;0;23;32;
25.04.2022;12:08:30;14;37,5;37,5;0;0;23;32;
25.04.2022;12:08:50;14;37,5;37,5;0;0;23;32;
25.04.2022;12:09:10;14;37,5;37,5;0;0;23;32;
25.04.2022;12:09:30;14;37,5;37,5;0;0;23;32;
25.04.2022;12:09:50;14;37,5;37,5;0;0;23;32;
25.04.2022;12:10:10;14;37,5;37,5;0;0;23;32;
25.04.2022;12:10:30;14;37,5;37,5;0;0;23;32;
25.04.2022;12:10:50;14;37;37,5;0;0;23;32;
25.04.2022;12:11:10;14;37;37,5;0;0;23;32;
25.04.2022;12:11:30;14;37;37,5;0;0;23;32;
25.04.2022;12:11:50;14;37;37,5;0;0;23;32;
25.04.2022;12:12:10;14;37;37,5;0;0;23;32;
25.04.2022;12:12:30;14;37;37,5;0;0;23;32;
25.04.2022;12:12:50;14;37;37;0;0;23;32;
25.04.2022;12:13:10;14,5;37;37;0;0;23;32;
25.04.2022;12:13:30;14,5;37;37;0;0;23;32;
25.04.2022;12:13:50;14,5;37;37;0;0;23;32;
25.04.2022;12:14:10;14,5;37;37;0;0;23;32;
25.04.2022;12:14:30;14,5;37;37;0;0;23;32;
25.04.2022;12:14:50;14,5;36,5;37;0;0;23;32;
25.04.2022;12:15:10;14,5;36,5;37;0;0;23;32;
25.04.2022;12:15:30;14,5;36,5;37;0;0;23;32;
25.04.2022;12:15:50;14,5;37;36,5;0;0;23;32;
25.04.2022;12:16:10;14,5;37,5;37;0;0;23;32,5;
25.04.2022;12:16:30;14,5;37,5;37;0;0;23;32,5;
25.04.2022;12:16:50;14,5;37,5;37,5;0;0;23;32,5;
25.04.2022;12:17:10;14,5;37,5;37,5;0;0;23;32,5;
25.04.2022;12:17:30;14,5;37,5;37,5;0;0;23;32,5;
25.04.2022;12:17:50;14,5;37,5;37,5;0;0;23;32;
25.04.2022;12:18:10;14,5;37,5;37,5;0;0;23;32;
25.04.2022;12:18:30;14,5;37,5;37,5;0;0;23;32,5;
25.04.2022;12:18:50;14,5;37,5;37,5;0;0;23;33;
25.04.2022;12:19:10;14,5;37,5;37,5;0;0;23;33;
25.04.2022;12:19:30;14,5;37,5;37,5;0;0;23;33;
25.04.2022;12:19:50;14,5;37,5;37,5;0;0;23;32,5;
25.04.2022;12:20:10;14,5;37,5;37,5;0;0;23;32,5;
25.04.2022;12:20:30;14,5;37,5;37,5;0;0;23;32,5;
25.04.2022;12:20:50;14,5;37,5;37,5;0;0;23;33;
25.04.2022;12:21:10;14,5;37,5;37,5;0;0;23;33;
25.04.2022;12:21:30;14,5;37,5;37,5;0;0;23;33;
25.04.2022;12:21:50;14,5;37,5;37,5;0;0;23;32,5;
25.04.2022;12:22:10;14,5;37,5;37,5;0;0;23;32,5;
25.04.2022;12:22:30;14,5;37,5;37,5;0;0;23;32;
25.04.2022;12:22:50;14,5;37,5;37;0;0;23;32;
25.04.2022;12:23:10;14,5;37,5;37;0;0;23;32,5;
25.04.2022;12:23:30;14,5;37,5;37;0;0;23;33;
25.04.2022;12:23:50;14,5;37,5;37;0;0;23;33;
25.04.2022;12:24:10;14,5;37,5;37;0;0;23;33;
25.04.2022;12:24:30;14,5;37,5;37;0;0;23;32,5;
25.04.2022;12:24:50;14,5;37,5;37;0;0;23;32;
25.04.2022;12:25:10;14,5;37,5;37;0;0;23;32;
25.04.2022;12:25:30;14,5;37,5;37;0;0;23;32;
25.04.2022;12:25:50;14,5;37,5;37;0;0;23;32;
25.04.2022;12:26:10;14,5;37;37;0;0;23;32;
25.04.2022;12:26:30;14,5;37;37;0;0;23;32;
25.04.2022;12:26:50;14,5;37;37;0;0;23;32;
25.04.2022;12:27:10;14,5;37;37;0;0;23;32;
25.04.2022;12:27:30;14,5;37;37;0;0;23;32;
25.04.2022;12:27:50;14,5;37;37;0;0;23;32;
25.04.2022;12:28:10;14,5;37;37;0;0;23;32;
25.04.2022;12:28:30;14,5;37;37;0;0;23;32;
25.04.2022;12:28:50;14,5;37;37;0;0;23;32;
25.04.2022;12:29:10;14,5;37;37;0;0;23;32;
25.04.2022;12:29:30;14,5;37;37;0;0;23;32;
25.04.2022;12:29:50;14,5;37;37;0;0;23;32;
25.04.2022;12:30:10;14,5;36,5;37;0;0;23;32;
25.04.2022;12:30:30;15;36,5;37;0;0;23;32;
25.04.2022;12:30:50;15;36,5;37;0;0;23;32;
25.04.2022;12:31:10;15;36,5;37;0;0;23;32;
25.04.2022;12:31:30;15;36,5;37;0;0;23;32;
25.04.2022;12:31:50;15;36,5;37;0;0;23;32;
25.04.2022;12:32:10;15;36,5;37;0;0;22,5;32;
25.04.2022;12:32:30;15;36,5;36,5;0;0;22,5;32;
25.04.2022;12:32:50;15;36,5;36,5;0;0;22,5;32;
25.04.2022;12:33:10;15;36,5;36,5;0;0;22,5;32;
25.04.2022;12:33:30;15;36,5;36,5;0;0;22,5;32;
25.04.2022;12:33:50;15;36,5;36,5;0;0;22,5;32;
25.04.2022;12:34:10;15;36,5;36,5;0;0;22,5;32;
25.04.2022;12:34:30;15;36;36,5;0;0;22,5;32;
25.04.2022;12:34:50;15;36;36,5;0;0;22,5;32;
25.04.2022;12:35:10;15,5;36;36,5;0;0;22,5;32;
25.04.2022;12:35:30;15,5;36;36,5;0;0;22,5;32;
25.04.2022;12:35:50;15,5;36;36,5;0;0;22,5;32;
25.04.2022;12:36:10;15,5;36;36,5;0;0;22,5;32;
25.04.2022;12:36:30;15,5;36;36,5;0;0;22,5;32;
25.04.2022;12:36:50;15,5;36;36,5;0;0;22,5;32;
25.04.2022;12:37:10;15,5;36;36,5;0;0;22,5;32;
25.04.2022;12:37:30;15,5;36;36,5;0;0;22,5;32;
25.04.2022;12:37:50;15,5;36;36,5;0;0;22,5;32;
25.04.2022;12:38:10;15,5;35,5;36,5;0;0;22,5;32;
25.04.2022;12:38:30;15,5;35,5;36,5;0;0;22,5;32;
25.04.2022;12:38:50;15,5;35,5;36,5;0;0;22,5;32;
25.04.2022;12:39:10;15,5;35,5;36,5;0;0;22,5;32;
25.04.2022;12:39:30;15,5;35,5;36;0;0;22,5;32;
25.04.2022;12:39:50;15,5;35,5;36;0;0;22,5;32;
25.04.2022;12:40:10;15,5;35,5;36;0;0;22,5;32;
25.04.2022;12:40:30;15,5;35,5;36;0;0;22,5;32;
25.04.2022;12:40:50;15,5;35,5;36;0;0;22,5;32;
25.04.2022;12:41:10;15,5;35,5;36;0;0;22,5;32;
25.04.2022;12:41:30;15,5;35,5;36;0;0;22,5;32;
25.04.2022;12:41:50;15,5;35,5;36;0;0;22,5;32;
25.04.2022;12:42:10;15,5;35;36;0;0;22,5;32;
25.04.2022;12:42:30;15,5;35;36;0;0;22,5;32;
25.04.2022;12:42:50;15,5;35;36;0;0;22,5;32;
25.04.2022;12:43:10;15,5;35;36;0;0;22,5;32;
25.04.2022;12:43:30;15,5;35;36;0;0;22,5;32;
25.04.2022;12:43:50;15,5;35;36;0;0;22,5;32;
25.04.2022;12:44:10;15,5;35;36;0;0;22,5;32;
25.04.2022;12:44:30;15,5;35;36;0;0;22,5;32;
25.04.2022;12:44:50;15,5;35;36;0;0;22,5;32;
25.04.2022;12:45:10;15,5;35;36;0;0;22,5;32;
25.04.2022;12:45:30;15,5;35;36;0;0;22,5;32;
25.04.2022;12:45:50;15,5;35;36;0;0;22,5;32;
25.04.2022;12:46:10;15,5;35;36;0;0;22,5;32;
25.04.2022;12:46:30;15,5;35;36;0;0;22,5;32;
25.04.2022;12:46:50;15,5;34,5;36;0;0;22,5;32;
25.04.2022;12:47:10;15,5;34,5;36;0;0;22,5;32;
25.04.2022;12:47:30;15,5;34,5;36;0;0;22,5;32;
25.04.2022;12:47:50;15,5;34,5;35,5;0;0;22,5;32;
25.04.2022;12:48:10;15,5;34,5;35,5;0;0;22,5;32;
25.04.2022;12:48:30;15;34,5;35,5;0;0;22,5;32;
25.04.2022;12:48:50;15;34,5;35,5;0;0;22,5;32;
25.04.2022;12:49:10;15;34,5;35,5;0;0;22,5;32;
25.04.2022;12:49:30;15;34,5;35,5;0;0;22,5;32;
25.04.2022;12:49:50;15;34,5;35,5;0;0;22,5;32;
25.04.2022;12:50:10;15;34,5;35,5;0;0;22,5;32;
25.04.2022;12:50:30;15;34,5;35,5;0;0;22,5;32;
25.04.2022;12:50:50;15;35;35,5;0;0;22,5;32;
25.04.2022;12:51:10;15;37;36;0;0;22,5;32,5;
25.04.2022;12:51:30;15;37;36,5;0;0;22,5;33;
25.04.2022;12:51:50;15;37;36,5;0;0;22,5;33;
25.04.2022;12:52:10;15;37;36,5;0;0;22,5;33;
25.04.2022;12:52:30;15;37;36,5;0;0;22,5;33;
25.04.2022;12:52:50;15;37;36,5;0;0;22,5;33;
25.04.2022;12:53:10;15;37;36,5;0;0;22,5;32,5;
25.04.2022;12:53:30;15;37;36,5;0;0;22,5;32,5;
25.04.2022;12:53:50;15;37;36,5;0;0;22,5;32,5;
25.04.2022;12:54:10;15;37;36,5;0;0;22,5;33;
25.04.2022;12:54:30;15;37;36,5;0;0;22,5;33;
25.04.2022;12:54:50;15;37;36,5;0;0;22,5;33;
25.04.2022;12:55:10;15;37;36,5;0;0;22,5;33;
25.04.2022;12:55:30;15;37;36,5;0;0;22,5;32,5;
25.04.2022;12:55:50;15;37;36,5;0;0;22,5;32,5;
25.04.2022;12:56:10;15;37;36,5;0;0;22,5;32,5;
25.04.2022;12:56:30;15;37;36,5;0;0;22,5;33;
25.04.2022;12:56:50;15;37;36,5;0;0;22,5;33;
25.04.2022;12:57:10;15;37;36,5;0;0;22,5;33;
25.04.2022;12:57:30;15;37;36,5;0;0;22,5;32,5;
25.04.2022;12:57:50;15;37;36,5;0;0;22,5;32,5;
25.04.2022;12:58:10;15;37;36,5;0;0;22,5;32,5;
25.04.2022;12:58:30;15;37;36,5;0;0;22,5;33;
25.04.2022;12:58:50;15;37;36,5;0;0;22,5;33;
25.04.2022;12:59:10;15;37;36,5;0;0;22,5;33;
25.04.2022;12:59:30;15;37;36,5;0;0;22,5;32,5;
25.04.2022;12:59:50;15;37;36,5;0;0;22,5;32,5;
25.04.2022;13:00:10;15;37;36,5;0;0;22,5;32,5;
25.04.2022;13:00:30;15;37;36,5;0;0;22,5;32,5;
25.04.2022;13:00:50;15;37;36,5;0;0;22,5;32,5;
25.04.2022;13:01:10;15;37;36,5;0;0;22,5;32,5;
25.04.2022;13:01:30;15;37;36,5;0;0;22,5;32,5;
25.04.2022;13:01:50;15;37;36,5;0;0;22,5;32,5;
25.04.2022;13:02:10;15;37;36,5;0;0;22,5;32,5;
25.04.2022;13:02:30;15;37;36,5;0;0;22,5;32,5;
25.04.2022;13:02:50;15;37;36,5;0;0;22,5;32,5;
25.04.2022;13:03:10;15;37;36,5;0;0;22,5;32,5;
25.04.2022;13:03:30;15;37;36,5;0;0;22,5;32;
25.04.2022;13:03:50;15;37;36,5;0;0;22,5;32;
25.04.2022;13:04:11;15;37;36,5;0;0;22,5;32,5;
25.04.2022;13:04:31;15;37;36,5;0;0;22,5;32,5;
25.04.2022;13:04:51;15;37;36,5;0;0;22,5;32,5;
25.04.2022;13:05:11;15;37;36,5;0;0;22,5;32;
25.04.2022;13:05:31;15;37;36,5;0;0;22,5;32;
25.04.2022;13:05:51;15;37;36,5;0;0;22,5;32,5;
25.04.2022;13:06:11;15;37;36,5;0;0;22,5;32,5;
25.04.2022;13:06:31;15;36,5;36,5;0;0;22,5;32,5;
25.04.2022;13:06:51;15;36,5;36,5;0;0;22,5;32,5;
25.04.2022;13:07:11;15;36,5;36,5;0;0;22,5;32,5;
25.04.2022;13:07:31;15;36,5;36,5;0;0;22,5;32,5;
25.04.2022;13:07:51;15;36,5;36,5;0;0;22,5;32,5;
25.04.2022;13:08:11;15;36,5;36,5;0;0;22,5;32,5;
25.04.2022;13:08:31;15;36,5;36,5;0;0;22,5;32;
25.04.2022;13:08:51;15;36,5;36,5;0;0;22,5;32;
25.04.2022;13:09:11;15;36,5;36,5;0;0;22,5;32;
25.04.2022;13:09:31;15;36,5;36,5;0;0;22,5;32,5;
25.04.2022;13:09:51;15;36,5;36,5;0;0;22,5;32,5;
25.04.2022;13:10:11;15;36,5;36,5;0;0;22,5;32;
25.04.2022;13:10:31;15;36,5;36,5;0;0;22,5;32;
25.04.2022;13:10:51;15;36,5;36,5;0;0;22,5;32;
25.04.2022;13:11:11;15;36,5;36,5;0;0;22,5;32;
25.04.2022;13:11:31;15;36,5;36,5;0;0;22,5;32;
25.04.2022;13:11:51;15;36,5;36;0;0;22,5;32;
25.04.2022;13:12:11;15;36,5;36;0;0;22,5;32;
25.04.2022;13:12:31;15;36,5;39,5;164;0;22,5;32;
25.04.2022;13:12:51;15;36,5;41;7783;0;22,5;32;
25.04.2022;13:13:11;15;36,5;41,5;7783;0;22,5;32;
25.04.2022;13:13:31;15;36,5;41,5;8540;0;22,5;32;
25.04.2022;13:13:51;15;36,5;41,5;7719;9;22,5;32;
25.04.2022;13:14:11;15;36,5;41;7719;9;23;32;
25.04.2022;13:14:31;15;36,5;40,5;6810;9;23;32,5;
25.04.2022;13:14:51;15;36,5;40,5;6076;9;23;32,5;
25.04.2022;13:15:11;15;36,5;40;6076;9;23;32,5;
25.04.2022;13:15:31;15;36,5;39,5;0;9;23;32,5;
25.04.2022;13:15:51;15;36,5;36,5;0;9;23;32,5;
25.04.2022;13:16:11;15;36,5;36,5;0;9;23;32,5;
25.04.2022;13:16:31;15;36,5;36,5;0;9;23;32,5;
25.04.2022;13:16:51;15;36,5;36,5;0;0;23;32,5;
25.04.2022;13:17:11;15;36,5;36,5;0;0;23;32,5;
25.04.2022;13:17:31;15;36,5;36,5;0;0;23;32;
25.04.2022;13:17:51;15;36,5;36,5;0;0;23;32;
25.04.2022;13:18:11;15;36,5;36,5;0;0;22,5;32;
25.04.2022;13:18:31;15;36,5;36,5;0;0;22,5;32;
25.04.2022;13:18:51;15;36,5;36,5;0;0;22,5;32;
25.04.2022;13:19:11;15;36;36,5;0;0;22,5;32;
25.04.2022;13:19:31;15;36;36,5;0;0;22,5;32;
25.04.2022;13:19:51;15;36;36,5;0;0;22,5;32;
25.04.2022;13:20:11;15;36;36,5;0;0;22,5;31,5;
25.04.2022;13:20:31;15;36;36,5;0;0;22,5;31,5;
25.04.2022;13:20:51;15;36;36,5;0;0;22,5;31,5;
25.04.2022;13:21:11;15;36;36,5;0;0;22,5;31,5;
25.04.2022;13:21:31;15;36;36;0;0;22,5;31,5;
25.04.2022;13:21:51;15;36;36;0;0;22,5;31,5;
25.04.2022;13:22:11;15;36;36;0;0;22,5;31,5;
25.04.2022;13:22:31;15;36;36;0;0;22,5;31,5;
25.04.2022;13:22:51;15;36;36;0;0;22,5;31,5;
25.04.2022;13:23:11;15;36;36;0;0;22,5;31,5;
25.04.2022;13:23:31;15;35,5;36;0;0;22,5;31,5;
25.04.2022;13:23:51;15;35,5;36;0;0;22,5;31,5;
25.04.2022;13:24:11;15;35,5;36;0;0;22,5;31,5;
25.04.2022;13:24:31;15;35,5;36;0;0;22,5;31,5;
25.04.2022;13:24:51;15;35,5;36;0;0;22,5;31,5;
25.04.2022;13:25:11;15;35,5;36;0;0;22,5;31,5;
25.04.2022;13:25:31;15;35,5;36;0;0;23;31,5;
25.04.2022;13:25:51;15;35,5;36;0;0;23;31,5;
25.04.2022;13:26:11;15;35,5;36;0;0;23;32;
25.04.2022;13:26:31;15;35,5;36;0;0;23;32;
25.04.2022;13:26:51;15;35,5;36;0;0;23;32;
25.04.2022;13:27:11;15;35,5;36;0;0;23;32;
25.04.2022;13:27:31;15;35,5;36;0;0;23;32;
25.04.2022;13:27:51;15;35;36;0;0;23;32;
25.04.2022;13:28:11;15;35;35,5;0;0;23;32;
25.04.2022;13:28:31;15;35;35,5;0;0;23;32;
25.04.2022;13:28:51;15;35;35,5;0;0;23;32;
25.04.2022;13:29:11;15;35;35,5;0;0;23;32;
25.04.2022;13:29:31;15;35;35,5;0;0;23;32;
25.04.2022;13:29:51;15;35;35,5;0;0;23;32;
25.04.2022;13:30:11;15;35;35,5;0;0;23;32;
25.04.2022;13:30:31;15;35;35,5;0;0;23;32;
25.04.2022;13:30:51;15;35;35,5;0;0;23;32;
25.04.2022;13:31:11;15;35;35,5;0;0;23;32;
25.04.2022;13:31:31;15;35;35,5;0;0;23;32;
25.04.2022;13:31:51;15;35;35,5;0;0;23;32;
25.04.2022;13:32:11;15;35;35,5;0;0;23;32;
25.04.2022;13:32:31;15;35;35,5;0;0;23;32;
25.04.2022;13:32:51;15;35;35,5;0;0;23;32;
25.04.2022;13:33:11;15;35;35,5;0;0;23;32;
25.04.2022;13:33:31;15;35;35,5;0;0;23;32;
25.04.2022;13:33:51;15;34,5;35,5;0;0;23;32;
25.04.2022;13:34:11;15;34,5;35,5;0;0;23;32;
25.04.2022;13:34:31;15;34,5;35,5;0;0;23;32;
25.04.2022;13:34:51;15;34,5;35,5;0;0;23;32;
25.04.2022;13:35:11;15;34,5;35,5;0;0;23;32;
25.04.2022;13:35:31;15;34,5;35,5;0;0;23;32;
25.04.2022;13:35:51;15;34,5;35,5;0;0;23;32;
25.04.2022;13:36:11;15;34,5;35,5;0;0;23;32;
25.04.2022;13:36:31;15;34,5;35;0;0;23;32;
25.04.2022;13:36:51;15;34,5;35;0;0;23;32;
25.04.2022;13:37:11;15;34,5;35;0;0;23;32;
25.04.2022;13:37:31;15;34,5;35;0;0;23;32;
25.04.2022;13:37:51;15;34,5;35;0;0;23;32;
25.04.2022;13:38:11;15;34,5;35;0;0;23;32;
25.04.2022;13:38:31;15;34,5;35;0;0;23;32;
25.04.2022;13:38:51;15,5;34,5;35;0;0;23;32;
25.04.2022;13:39:11;15,5;34,5;35;0;0;23;32;
25.04.2022;13:39:31;15,5;34;35;0;0;23;32;
25.04.2022;13:39:51;15,5;34;35;0;0;23;32;
25.04.2022;13:40:11;15,5;34;35;0;0;23;31,5;
25.04.2022;13:40:31;15,5;34;35;0;0;23;31,5;
25.04.2022;13:40:51;15,5;34;35;0;0;23;31,5;
25.04.2022;13:41:11;15,5;34;35;0;0;23;31,5;
25.04.2022;13:41:31;15,5;34;35;0;0;23;31,5;
25.04.2022;13:41:51;15,5;34;35;0;0;23;31,5;
25.04.2022;13:42:11;15,5;34;35;0;0;23;31,5;
25.04.2022;13:42:31;15,5;34;35;0;0;23;32;
25.04.2022;13:42:51;15,5;34;35;0;0;23;32;
25.04.2022;13:43:11;15,5;34;35;0;0;23;32;
25.04.2022;13:43:31;15,5;34;35;0;0;23;32;
25.04.2022;13:43:51;15,5;34;35;0;0;23;32;
25.04.2022;13:44:11;15,5;34;35;0;0;23;32;
25.04.2022;13:44:31;15,5;34;35;0;0;23;32;
25.04.2022;13:44:51;15,5;34;35;0;0;23;32;
25.04.2022;13:45:11;15,5;34;35;0;0;23;32;
25.04.2022;13:45:31;15,5;34;35;0;0;23;32;
25.04.2022;13:45:51;15,5;33,5;35;0;0;23;32;
25.04.2022;13:46:11;15,5;33,5;35;0;0;23;32;
25.04.2022;13:46:31;15,5;33,5;35;0;0;23;32;
25.04.2022;13:46:51;15,5;33,5;35;0;0;22,5;32;
25.04.2022;13:47:11;15,5;33,5;35;0;0;22,5;32;
25.04.2022;13:47:31;15,5;33,5;35;0;0;22,5;32;
25.04.2022;13:47:51;15,5;33,5;34,5;0;0;22,5;32;
25.04.2022;13:48:11;15,5;33,5;34,5;0;0;22,5;32;
25.04.2022;13:48:31;15,5;33,5;34,5;0;0;22,5;32;
25.04.2022;13:48:51;15,5;33,5;34,5;0;0;22,5;32;
25.04.2022;13:49:11;15,5;33,5;34,5;0;0;22,5;32;
25.04.2022;13:49:31;15,5;33,5;34,5;0;0;22,5;32;
25.04.2022;13:49:51;15,5;33,5;34,5;0;0;22,5;32;
25.04.2022;13:50:11;15,5;33,5;34,5;0;0;22,5;32;
25.04.2022;13:50:31;15,5;33,5;34,5;0;0;22,5;32;
25.04.2022;13:50:51;16;33,5;34,5;0;0;22,5;32;
25.04.2022;13:51:11;16;33,5;34,5;0;0;22,5;32;
25.04.2022;13:51:31;16;33,5;34,5;0;0;22,5;32;
25.04.2022;13:51:51;16;33,5;34,5;0;0;22,5;32;
25.04.2022;13:52:11;16;33,5;34,5;0;0;22,5;32;
25.04.2022;13:52:31;16;33;34,5;0;0;22,5;32;
25.04.2022;13:52:51;16;33;34,5;0;0;22,5;32;
25.04.2022;13:53:11;16;33;34,5;0;0;22,5;32;
25.04.2022;13:53:31;16;33;34,5;0;0;22,5;32;
25.04.2022;13:53:51;16;33;34,5;0;0;22,5;32;
25.04.2022;13:54:11;16;33;34,5;0;0;22,5;32;
25.04.2022;13:54:31;16;33;34,5;0;0;22,5;32;
25.04.2022;13:54:51;16;33;34,5;0;0;22,5;32;
25.04.2022;13:55:11;16;33;34,5;0;0;22,5;32;
25.04.2022;13:55:31;16;33;34,5;0;0;22,5;32;
25.04.2022;13:55:51;16;33;34,5;0;0;22,5;32;
25.04.2022;13:56:11;16;33;34,5;0;0;22,5;32;
25.04.2022;13:56:31;16;33;34,5;0;0;22,5;32;
25.04.2022;13:56:51;16;33;34,5;0;0;22,5;32;
25.04.2022;13:57:11;16;33;34,5;0;0;22,5;32;
25.04.2022;13:57:31;16;33;34,5;0;0;22,5;32;
25.04.2022;13:57:51;16;33;34,5;0;0;22,5;32;
25.04.2022;13:58:11;16;33;34,5;0;0;22,5;32;
25.04.2022;13:58:31;16;33;34,5;0;0;22,5;32;
25.04.2022;13:58:51;16;33;34,5;0;0;22,5;32;
25.04.2022;13:59:11;16;32,5;34,5;0;0;22,5;32;
25.04.2022;13:59:31;16;32,5;34,5;0;0;22,5;32;
25.04.2022;13:59:51;16;32,5;34,5;0;0;22,5;32;
25.04.2022;14:00:11;16;32,5;34,5;0;0;22,5;32;
25.04.2022;14:00:31;16;32,5;34,5;0;0;22,5;32;
25.04.2022;14:00:51;16;32,5;34,5;0;0;22,5;32;
25.04.2022;14:01:11;16;32,5;34,5;0;0;22,5;32;
25.04.2022;14:01:31;16;32,5;34;0;0;22,5;32;
